{
    "resultCode":"C001",
    "resultMessage":"Success",
    "sessionInformation":{
    "sessionID":"5f15b0317e60095d2555880e",
    "sessionStartAt":"2022-11-07 15:33:05",
    "sessionType":"Home"
    },
    "passwordTypeChanged":false,
    "userInformation":{
    "name":"User name",
    "avatar":"https:\\\/\\\/mindspark-rearch-assets.s3.amazonaws.com\\\/profileImages\\\/5a4b384f421aa968a15d6d23.png?1548159947.9366",
    "section":"A",
    "grade":4,
    "gender":"male",
    "language":"en-IN",
    "isRetail":false,
    "selectedTheme":"lowergrade",
    "groupID":"TEST_GROUP",
    "profileProgress":45
    },
    "redirectionData":{
    "endTopicFlag":false,
    "endTopicHigherLevel":false,
    "userTriggered":false,
    "sessionTimeExceededFlag":false
    },
    "redirectionCode":null,
    "contentHeaderInfo":{
    "pedagogyID":"DUMMY_PEDAGOGY_ID",
    "pedagogyType":"topic",
    "pedagogyStatus":"in-progress",
    "pedagogyProgress":{
    "currentUnitNum":1,
    "totalUnits":1,
    "unitList":[
    {
    "unitID":"59d98cfd1c5edc24e4024ce7",
    "unitName":"Content Preview",
    "unitType":"concept",
    "unitStatus":"in-progress"
    }
    ]
    },
    "pedagogyMessages":[
    "sdlCarefulMsg"
    ],
    "pedagogyHigherLevelStatus":null,
    "higherLevelStatus":null,
    "attemptNumber":1,
    "pedagogyChild":{
    "id":"59d98cfd1c5edc24e4024ce7",
    "type":"concept",
    "progress":[
    {
    "id":"",
    "state":"in-progress"
    }
    ],
    "name":""
    },
    "rewardInfo":{
    "sparkie":0
    },
    "topicIcon":"",
    "pedagogyName":"Regular Question",
    "dueDate":null
    },
    "noRewardAlertFlag":false,
    "contentData":{
    "contentId":"5f15b0317e60095d2555880e",
    "contentMode":"regular",
    "contentParams":[
    ],
    "contentSeqNum":1,
    "contentSubMode":"regular",
    "contentTranslationFlag":false,
    "contentType":"question",
    "data":[
    {
    "_id":"5f15b0317e60095d2555880e_en-IN_1",
    "langCode":"en-IN",
    "questionBody":"",
    "quesVoiceover":"",
    "response":{
    "choices":[
    {
    "value":"chicks",
    "fixed":false,
    "identifier":"Mw==",
    "voiceover":null,
    "correct":"",
    "optionsVoiceOver":""
    },
    {
    "value":"hour",
    "fixed":false,
    "identifier":"Ng==",
    "voiceover":null,
    "correct":"",
    "optionsVoiceOver":""
    },
    {
    "value":"claws",
    "fixed":false,
    "identifier":"Mg==",
    "voiceover":null,
    "correct":"",
    "optionsVoiceOver":""
    },
    {
    "value":"eggs",
    "fixed":false,
    "identifier":"MA==",
    "voiceover":null,
    "correct":"",
    "optionsVoiceOver":""
    },
    {
    "value":"clock",
    "fixed":false,
    "identifier":"Nw==",
    "voiceover":null,
    "correct":"",
    "optionsVoiceOver":""
    },
    {
    "value":"minute",
    "fixed":false,
    "identifier":"NQ==",
    "voiceover":null,
    "correct":"",
    "optionsVoiceOver":""
    },
    {
    "value":"beak",
    "fixed":false,
    "identifier":"MQ==",
    "voiceover":null,
    "correct":"",
    "optionsVoiceOver":""
    },
    {
    "value":"second",
    "fixed":false,
    "identifier":"NA==",
    "voiceover":null,
    "correct":"",
    "optionsVoiceOver":""
    }
    ],
    "correctAnswer":""
    },
    "explanation":"",
    "explVoiceover":"",
    "tags":[
    ],
    "version":3,
    "revisionNo":1,
    "isDynamic":false,
    "hints":[
    ],
    "conditions":[
    ],
    "glossary":[
    ],
    "contentID":"5f15b0317e60095d2555880e",
    "template":"Classification",
    "templateFile":"Classification.js",
    "trials":1,
    "createdAt":"2022-11-07 15:33:05",
    "updatedAt":"2022-11-07 15:33:05",
    "showEditorTool":0,
    "type":"Classification",
    "multiResponse":false,
    "encrypted":true,
    "responseValidation":{
    "minScoreIfAttempted":null,
    "unscored":0,
    "scoringType":"exact",
    "validResponse":{
    "score":1,
    "identifier":{
    "stem0":"WzAsMSwyLDNd",
    "stem1":"WzQsNSw2LDdd"
    }
    }
    },
    "shuffleOptions":true,
    "stems":[
    {
    "value":"Birds",
    "voiceover":"1",
    "identifier":"stem0"
    },
    {
    "value":"Time",
    "voiceover":"1",
    "identifier":"stem1"
    }
    ],
    "instructorStimulus":{
    "value":"Birds or Time?",
    "voiceover":"https:\/\/mindspark-lang.s3.amazonaws.com\/qtypes\/sounds_english\/Birds or time.mp3",
    "voiceoverAutoPlay":true
    },
    "attributes":[
    ],
    "display":{
    "hideQuesInSeconds":null,
    "showChoicesOneByOne":false
    },
    "qcode":"43435",
    "contentType":"question"
    }
    ]
    }
}