{
    "resultCode":"C001",
    "resultMessage":"Success",
    "sessionInformation":{
    "sessionID":"6115e325dc6f064df453cee9",
    "sessionStartAt":"2022-11-07 15:35:49",
    "sessionType":"Home"
    },
    "passwordTypeChanged":false,
    "userInformation":{
    "name":"User name",
    "avatar":"https:\\\/\\\/mindspark-rearch-assets.s3.amazonaws.com\\\/profileImages\\\/5a4b384f421aa968a15d6d23.png?1548159947.9366",
    "section":"A",
    "grade":4,
    "gender":"male",
    "language":"en-IN",
    "isRetail":false,
    "selectedTheme":"lowergrade",
    "groupID":"TEST_GROUP",
    "profileProgress":45
    },
    "redirectionData":{
    "endTopicFlag":false,
    "endTopicHigherLevel":false,
    "userTriggered":false,
    "sessionTimeExceededFlag":false
    },
    "redirectionCode":null,
    "contentHeaderInfo":{
    "pedagogyID":"DUMMY_PEDAGOGY_ID",
    "pedagogyType":"topic",
    "pedagogyStatus":"in-progress",
    "pedagogyProgress":{
    "currentUnitNum":1,
    "totalUnits":1,
    "unitList":[
    {
    "unitID":"59d98cfd1c5edc24e4024ce7",
    "unitName":"Content Preview",
    "unitType":"concept",
    "unitStatus":"in-progress"
    }
    ]
    },
    "pedagogyMessages":[
    "sdlCarefulMsg"
    ],
    "pedagogyHigherLevelStatus":null,
    "higherLevelStatus":null,
    "attemptNumber":1,
    "pedagogyChild":{
    "id":"59d98cfd1c5edc24e4024ce7",
    "type":"concept",
    "progress":[
    {
    "id":"",
    "state":"in-progress"
    }
    ],
    "name":""
    },
    "rewardInfo":{
    "sparkie":0
    },
    "topicIcon":"",
    "pedagogyName":"Regular Question",
    "dueDate":null
    },
    "noRewardAlertFlag":false,
    "contentData":{
    "contentId":"6115e325dc6f064df453cee9",
    "contentMode":"regular",
    "contentParams":[
    ],
    "contentSeqNum":1,
    "contentSubMode":"regular",
    "contentTranslationFlag":false,
    "contentType":"question",
    "data":[
    {
    "_id":"6115e325dc6f064df453cee9_en-IN_1",
    "langCode":"en-IN",
    "questionBody":"My <u>brother cleans<\/u> the house, and <u>I cook<\/u> the food.<br><br>My [dropdown_1] the house, and [dropdown_2] the food.",
    "quesVoiceover":"",
    "response":{
    "dropdown_1":{
    "type":"Dropdown",
    "choices":[
    {
    "value":"brothers clean",
    "displayAnswer":null,
    "fixed":false,
    "score":1,
    "correct":"IjEi",
    "optionsVoiceOver":""
    },
    {
    "value":"brothers cleans",
    "displayAnswer":null,
    "fixed":false,
    "score":0,
    "correct":"IiI=",
    "optionsVoiceOver":""
    },
    {
    "value":"brothers cleaning",
    "displayAnswer":null,
    "fixed":false,
    "score":0,
    "correct":"IiI=",
    "optionsVoiceOver":""
    }
    ],
    "correctAnswer":"MA==",
    "additionalAttributes":{
    "lowerBound":0,
    "upperBound":1,
    "defaultValue":"Select",
    "maxChoice":1
    },
    "mapper":[
    2,
    1,
    0
    ]
    },
    "dropdown_2":{
    "type":"Dropdown",
    "choices":[
    {
    "value":"we cook",
    "displayAnswer":null,
    "fixed":false,
    "score":1,
    "correct":"IjEi",
    "optionsVoiceOver":""
    },
    {
    "value":"we cooks",
    "displayAnswer":null,
    "fixed":false,
    "score":0,
    "correct":"IiI=",
    "optionsVoiceOver":""
    },
    {
    "value":"we cooking",
    "displayAnswer":null,
    "fixed":false,
    "score":0,
    "correct":"IiI=",
    "optionsVoiceOver":""
    }
    ],
    "correctAnswer":"MA==",
    "additionalAttributes":{
    "lowerBound":0,
    "upperBound":1,
    "defaultValue":"Select",
    "maxChoice":1
    },
    "mapper":[
    2,
    1,
    0
    ]
    }
    },
    "explanation":"TXkgPHU+YnJvdGhlciBjbGVhbnM8L3U+IHRoZSBob3VzZSwgYW5kIDx1PkkgY29vazwvdT4gdGhlIGZvb2QuPGJyPjxicj5NeSBicm90aGVycyBjbGVhbiB0aGUgaG91c2UsIGFuZCB3ZSBjb29rIHRoZSBmb29kLg==",
    "explVoiceover":"",
    "tags":[
    ],
    "revisionNo":1,
    "isDynamic":false,
    "hints":[
    ],
    "conditions":[
    ],
    "glossary":[
    ],
    "contentID":"6115e325dc6f064df453cee9",
    "template":"Dropdown",
    "templateFile":"Dropdown.js",
    "trials":1,
    "createdAt":"2022-11-07 15:35:49",
    "updatedAt":"2022-11-07 15:35:49",
    "showEditorTool":0,
    "type":"D",
    "encrypted":true,
    "questionBodyVoiceover":"",
    "autoplay":true,
    "instructorStimulus":{
    "value":"Change the underlined word(s) from singular to plural and rewrite the sentence correctly.",
    "voiceover":"https:\/\/mindspark-lang.s3.amazonaws.com\/qtypes\/sounds_english\/Change the underlined word from singular to plural and rewrite the sentence correctly.mp3",
    "voiceoverAutoPlay":true
    },
    "attributes":[
    ],
    "display":{
    "hideQuesInSeconds":null
    },
    "qcode":"49221",
    "contentType":"question"
    }
    ]
    }
    }
    